id,first_name,last_name,email,gender,ip_address
1,Bathsheba,Thurlby,bthurlby0@cpanel.net,Female,122.62.151.105
2,Keir,Haggath,khaggath1@arstechnica.com,Male,154.81.81.34
3,Stepha,Sissland,ssissland2@flavors.me,Female,152.217.205.254
4,Timi,Alsford,talsford3@npr.org,Female,89.85.6.170
5,Vida,Dumphrey,vdumphrey4@is.gd,Female,199.22.94.149
6,Ragnar,Geaves,rgeaves5@t-online.de,Male,57.219.197.244
7,Angelico,Poppy,apoppy6@webmd.com,Male,228.255.187.226
8,Munroe,Elmhirst,melmhirst7@tinypic.com,Male,228.202.139.237
9,Vickie,Yakunchikov,vyakunchikov8@oaic.gov.au,Female,170.99.194.254
10,Tailor,Bartlam,tbartlam9@delicious.com,Male,160.111.89.43
11,Kyle,Randell,krandella@wp.com,Male,236.57.57.31
12,Friedrich,Beardall,fbeardallb@answers.com,Male,139.126.138.1
13,Minnaminnie,Blaine,mblainec@tumblr.com,Female,86.62.150.202
14,Fey,Ladel,fladeld@usgs.gov,Female,215.156.100.211
15,Ebeneser,Tremollet,etremollete@europa.eu,Male,202.165.229.226
16,Ally,Chitham,achithamf@elegantthemes.com,Female,55.166.4.58
17,Phylys,Eastop,peastopg@g.co,Female,4.146.160.213
18,Xavier,McCauley,xmccauleyh@oaic.gov.au,Male,7.92.25.223
19,Hesther,Jovasevic,hjovasevici@icq.com,Female,248.171.56.99
20,Nicolai,Cuttell,ncuttellj@example.com,Male,65.37.136.220
21,Costanza,Collinwood,ccollinwoodk@reference.com,Female,10.156.90.79
22,Durante,Micallef,dmicallefl@miibeian.gov.cn,Male,234.140.159.67
23,Ulrick,Silcock,usilcockm@flickr.com,Male,236.182.221.173
24,Lila,Fedorchenko,lfedorchenkon@mit.edu,Female,162.161.161.35
25,Ivory,Dametti,idamettio@icq.com,Female,43.109.55.129
26,Zolly,Kingcott,zkingcottp@psu.edu,Male,251.15.90.201
27,Antone,Cruise,acruiseq@elegantthemes.com,Male,9.165.67.150
28,Marty,Toulch,mtoulchr@angelfire.com,Female,20.54.131.231
29,Jammie,Joutapavicius,jjoutapaviciuss@umich.edu,Female,32.16.248.152
30,Benjie,Abade,babadet@google.ca,Male,94.53.188.185
31,Mariya,Cloney,mcloneyu@eventbrite.com,Female,90.5.182.70
32,Cy,Sigsworth,csigsworthv@senate.gov,Male,247.74.88.29
33,Ursala,Heikkinen,uheikkinenw@economist.com,Female,94.32.195.111
34,Morganica,Neles,mnelesx@diigo.com,Female,65.230.57.75
35,Anjela,Schusterl,aschusterly@gravatar.com,Female,2.152.22.127
36,Nona,Bettleson,nbettlesonz@php.net,Female,233.161.81.174
37,Dayle,Maccrea,dmaccrea10@de.vu,Female,5.70.17.2
38,Elwin,Denny,edenny11@sitemeter.com,Male,26.243.96.183
39,Pearle,Laingmaid,plaingmaid12@aol.com,Female,213.199.193.94
40,Tammi,Shoard,tshoard13@histats.com,Female,214.185.25.239
41,Sigismondo,Harrema,sharrema14@fotki.com,Male,178.119.219.178
42,Hester,Pendrick,hpendrick15@cnn.com,Female,62.35.44.88
43,Abramo,Petr,apetr16@google.de,Male,194.205.110.101
44,Hoyt,Cohane,hcohane17@multiply.com,Male,22.207.119.209
45,Angela,Axleby,aaxleby18@prweb.com,Female,248.58.86.109
46,Nicolle,Banton,nbanton19@sphinn.com,Female,184.194.63.27
47,Eyde,Alfonsetto,ealfonsetto1a@seesaa.net,Female,71.169.67.84
48,Jeanelle,Gribbins,jgribbins1b@wikipedia.org,Female,212.75.223.3
49,Gunter,Scruby,gscruby1c@mayoclinic.com,Male,232.222.69.96
50,Killy,McPhaden,kmcphaden1d@pagesperso-orange.fr,Male,157.69.17.152
51,Rebbecca,Whyte,rwhyte1e@ehow.com,Female,203.8.59.194
52,Josey,Bertomier,jbertomier1f@amazonaws.com,Female,187.186.70.16
53,Germain,Whatham,gwhatham1g@virginia.edu,Male,86.86.73.10
54,Justino,Sprason,jsprason1h@jigsy.com,Male,2.174.56.130
55,Clea,Safont,csafont1i@pen.io,Female,220.123.221.32
56,Fan,Nott,fnott1j@bandcamp.com,Female,187.249.163.75
57,Kile,Alyonov,kalyonov1k@networkadvertising.org,Male,130.50.26.162
58,Sol,McGillicuddy,smcgillicuddy1l@dion.ne.jp,Male,2.35.184.127
59,Webster,Lambertz,wlambertz1m@independent.co.uk,Male,239.39.48.236
60,Joaquin,Barratt,jbarratt1n@vk.com,Male,251.185.93.127
61,Ruthann,Spain,rspain1o@bbc.co.uk,Female,155.97.151.9
62,Alvina,Harrowell,aharrowell1p@bravesites.com,Female,226.3.245.211
63,Bobbee,Zavattieri,bzavattieri1q@theglobeandmail.com,Female,86.48.135.209
64,Kippar,Michele,kmichele1r@bravesites.com,Male,40.185.199.217
65,Delora,Grimsdell,dgrimsdell1s@google.ca,Female,171.219.197.136
66,Zachery,McCory,zmccory1t@csmonitor.com,Male,90.255.34.99
67,Ansell,Weine,aweine1u@salon.com,Male,150.56.106.31
68,Ferdinande,Silley,fsilley1v@berkeley.edu,Female,214.152.220.230
69,Brittani,Clarabut,bclarabut1w@livejournal.com,Female,219.129.207.142
70,Kahlil,Balhatchet,kbalhatchet1x@constantcontact.com,Male,219.25.225.173
71,Julee,Breckin,jbreckin1y@facebook.com,Female,78.214.127.92
72,Bonita,Woofendell,bwoofendell1z@apache.org,Female,161.68.66.0
73,Shanan,Krzyzanowski,skrzyzanowski20@ca.gov,Male,148.255.164.110
74,Stanfield,Hugonin,shugonin21@umn.edu,Male,43.4.83.146
75,Alfie,Markwell,amarkwell22@storify.com,Female,55.177.147.207
76,Daisy,Brundrett,dbrundrett23@quantcast.com,Female,160.3.45.149
77,Borden,Speake,bspeake24@sun.com,Male,21.100.187.96
78,Anabella,Wilson,awilson25@rediff.com,Female,0.234.36.75
79,Juliette,Millett,jmillett26@umich.edu,Female,183.51.45.183
80,Alan,Tarver,atarver27@berkeley.edu,Male,39.117.78.127
81,Jordain,Betancourt,jbetancourt28@eepurl.com,Female,117.178.82.89
82,Fidela,Dawbury,fdawbury29@dmoz.org,Female,220.7.26.75
83,Markos,Nye,mnye2a@ovh.net,Male,144.148.90.95
84,Bertina,Hansana,bhansana2b@amazon.co.jp,Female,9.83.21.214
85,Birch,Siman,bsiman2c@cdc.gov,Male,28.226.31.105
86,Elbert,Tuftin,etuftin2d@networksolutions.com,Male,83.61.201.26
87,Jaquelyn,Winton,jwinton2e@furl.net,Female,186.179.177.5
88,Sumner,Frotton,sfrotton2f@jalbum.net,Male,172.242.150.198
89,Marna,Simao,msimao2g@flavors.me,Female,15.78.248.138
90,Hubie,Merigon,hmerigon2h@wikia.com,Male,246.41.102.185
91,Jasmina,Yanyshev,jyanyshev2i@newyorker.com,Female,47.21.69.91
92,Francene,Bisley,fbisley2j@ucoz.com,Female,251.137.146.110
93,Bonnibelle,Hickford,bhickford2k@bloglines.com,Female,3.34.68.98
94,Kiri,Swainger,kswainger2l@merriam-webster.com,Female,225.235.194.125
95,Danice,Cattemull,dcattemull2m@un.org,Female,249.149.101.110
96,Colin,De Domenici,cdedomenici2n@ted.com,Male,65.37.39.91
97,Dorolice,Bristoe,dbristoe2o@ustream.tv,Female,131.73.41.253
98,Kermy,French,kfrench2p@examiner.com,Male,173.29.120.168
99,Abbie,Struijs,astruijs2q@prlog.org,Female,200.203.106.207
100,Janos,Royson,jroyson2r@nps.gov,Male,138.156.127.48
101,Babs,Tordoff,btordoff2s@mit.edu,Female,49.208.217.74
102,Dory,de Voiels,ddevoiels2t@acquirethisname.com,Male,164.62.16.83
103,Rodrique,Crocetti,rcrocetti2u@newsvine.com,Male,110.148.139.103
104,Murray,Petrelli,mpetrelli2v@tripadvisor.com,Male,208.77.216.240
105,Patin,Rawne,prawne2w@furl.net,Male,165.170.19.2
106,Bondon,Linthead,blinthead2x@reference.com,Male,23.234.171.76
107,Marvin,Blackley,mblackley2y@newsvine.com,Male,109.157.94.228
108,Arne,Dooler,adooler2z@ebay.com,Male,19.223.26.76
109,Roxy,Lemm,rlemm30@istockphoto.com,Female,96.106.246.207
110,Nil,Ast,nast31@hostgator.com,Male,202.61.166.11
111,Abbie,Frankton,afrankton32@mapquest.com,Female,18.118.187.52
112,Wallace,Leathwood,wleathwood33@geocities.com,Male,228.138.227.3
113,Konstantin,Secker,ksecker34@reverbnation.com,Male,216.75.22.56
114,Gibb,Dix,gdix35@google.pl,Male,24.233.78.52
115,Bar,Kenrack,bkenrack36@chronoengine.com,Male,254.118.147.151
116,Jessie,Barthorpe,jbarthorpe37@mozilla.org,Female,94.69.241.171
117,Tamar,Hellmer,thellmer38@umich.edu,Female,148.172.155.77
118,Edgar,Dallinder,edallinder39@printfriendly.com,Male,165.156.32.72
119,Ethelbert,Sturley,esturley3a@livejournal.com,Male,97.242.190.142
120,Miriam,Rockhall,mrockhall3b@columbia.edu,Female,72.169.236.140
121,Corinne,Kelleway,ckelleway3c@ehow.com,Female,100.255.183.114
122,Harrison,Mitchard,hmitchard3d@ameblo.jp,Male,198.75.165.124
123,Kain,Hambly,khambly3e@privacy.gov.au,Male,111.235.157.97
124,Jorge,Dreakin,jdreakin3f@about.com,Male,93.243.63.118
125,Reina,Antoniat,rantoniat3g@blog.com,Female,194.22.87.51
126,Darill,Dowdam,ddowdam3h@behance.net,Male,73.163.206.119
127,Bradney,Sarsfield,bsarsfield3i@pcworld.com,Male,116.54.187.149
128,Hannie,Friar,hfriar3j@independent.co.uk,Female,43.142.52.199
129,Martelle,Dinnington,mdinnington3k@macromedia.com,Female,61.13.80.85
130,Rivkah,Grewe,rgrewe3l@hibu.com,Female,250.169.62.69
131,Inna,McLae,imclae3m@reuters.com,Female,241.234.175.151
132,Hailee,Roddie,hroddie3n@mtv.com,Female,4.59.242.11
133,Philip,Carrett,pcarrett3o@gnu.org,Male,190.110.244.37
134,Shane,Cockle,scockle3p@independent.co.uk,Male,84.158.161.170
135,Annamaria,Slessor,aslessor3q@fastcompany.com,Female,1.12.202.122
136,Jerri,Tadman,jtadman3r@mozilla.org,Male,217.151.169.132
137,Edithe,Readshall,ereadshall3s@earthlink.net,Female,249.131.154.6
138,Lucas,Malmar,lmalmar3t@state.gov,Male,50.237.0.173
139,Vernor,Chiene,vchiene3u@zimbio.com,Male,185.75.12.34
140,Haze,Paynes,hpaynes3v@amazon.co.uk,Male,157.244.237.54
141,Beckie,Gingell,bgingell3w@techcrunch.com,Female,158.230.168.32
142,Allyn,Medmore,amedmore3x@networkadvertising.org,Female,128.11.103.130
143,Dahlia,Jaulme,djaulme3y@g.co,Female,79.118.161.194
144,Kayley,Trownson,ktrownson3z@infoseek.co.jp,Female,214.203.224.145
145,Kailey,Jury,kjury40@sun.com,Female,34.186.184.197
146,Karolina,Hearty,khearty41@xing.com,Female,207.156.141.145
147,Mord,Clymo,mclymo42@ameblo.jp,Male,12.221.82.116
148,Jenifer,Birkinshaw,jbirkinshaw43@gnu.org,Female,174.131.94.111
149,Angelia,Keighly,akeighly44@huffingtonpost.com,Female,106.173.255.177
150,Dov,Layman,dlayman45@pbs.org,Male,130.8.96.153
151,Cleve,McCleod,cmccleod46@xrea.com,Male,214.115.70.192
152,Lanie,McClaurie,lmcclaurie47@youku.com,Female,210.15.119.121
153,Mikaela,Sammars,msammars48@trellian.com,Female,171.206.206.121
154,Alister,Matusiak,amatusiak49@arstechnica.com,Male,180.55.154.10
155,Esdras,McCauley,emccauley4a@bluehost.com,Male,151.111.4.135
156,Neils,Laux,nlaux4b@apple.com,Male,1.52.194.236
157,Dar,FitzAlan,dfitzalan4c@posterous.com,Male,215.1.138.37
158,Sylas,De Robertis,sderobertis4d@angelfire.com,Male,59.212.216.170
159,Humberto,Levicount,hlevicount4e@wired.com,Male,165.251.162.167
160,Zechariah,Dansie,zdansie4f@fema.gov,Male,85.205.220.16
161,Ruthann,Sarver,rsarver4g@ucoz.ru,Female,71.94.136.237
162,Margarita,Reinisch,mreinisch4h@cloudflare.com,Female,49.128.32.191
163,Byron,Toulmin,btoulmin4i@msu.edu,Male,21.76.58.27
164,Jacquelin,Hails,jhails4j@economist.com,Female,179.42.25.97
165,Alleyn,Bayford,abayford4k@amazon.co.jp,Male,58.181.223.86
166,Joeann,Cawston,jcawston4l@usnews.com,Female,5.73.246.252
167,Oneida,Standbrook,ostandbrook4m@elpais.com,Female,117.29.122.175
168,Gaspar,Dunkinson,gdunkinson4n@wufoo.com,Male,234.15.44.8
169,Shauna,Reany,sreany4o@woothemes.com,Female,32.74.218.143
170,Morganne,Banat,mbanat4p@utexas.edu,Female,9.171.139.166
171,Lesley,Goad,lgoad4q@facebook.com,Female,122.81.135.218
172,Tracey,Gennrich,tgennrich4r@google.ru,Male,201.197.56.248
173,Kenneth,Cattroll,kcattroll4s@barnesandnoble.com,Male,16.56.110.163
174,Daphene,Rozea,drozea4t@acquirethisname.com,Female,159.149.163.204
175,Esmaria,Kittoe,ekittoe4u@omniture.com,Female,222.88.31.56
176,Donica,Seiler,dseiler4v@ucla.edu,Female,66.226.210.206
177,Gnni,Boyett,gboyett4w@latimes.com,Female,107.3.210.72
178,Adlai,Romanin,aromanin4x@tamu.edu,Male,226.152.198.91
179,Launce,Lockyer,llockyer4y@bizjournals.com,Male,222.52.38.15
180,Vanna,Condliffe,vcondliffe4z@nymag.com,Female,30.103.85.151
181,Abbey,Alvis,aalvis50@youtu.be,Female,164.20.69.209
182,Ange,Lanfranconi,alanfranconi51@so-net.ne.jp,Female,249.217.190.88
183,Fay,Stansby,fstansby52@nbcnews.com,Female,203.244.191.10
184,Clerissa,Lavens,clavens53@unc.edu,Female,226.198.13.201
185,Susy,Bulfit,sbulfit54@google.co.jp,Female,119.152.216.45
186,Linc,Foard,lfoard55@lulu.com,Male,221.134.98.216
187,Jerrold,Bresner,jbresner56@typepad.com,Male,184.227.80.139
188,Ronna,Marion,rmarion57@cnet.com,Female,199.7.53.234
189,Webb,Gordge,wgordge58@amazon.co.jp,Male,222.200.225.210
190,Bridget,Lambden,blambden59@dion.ne.jp,Female,234.45.107.232
191,Dede,Plover,dplover5a@cnbc.com,Female,248.130.188.120
192,Hernando,Artus,hartus5b@nasa.gov,Male,104.212.166.149
193,Antonietta,Woofendell,awoofendell5c@icio.us,Female,136.128.28.229
194,Rowney,Fleetwood,rfleetwood5d@slate.com,Male,8.1.12.129
195,Alard,Gradly,agradly5e@4shared.com,Male,193.16.88.1
196,Svend,Pitkaithly,spitkaithly5f@about.com,Male,56.157.99.188
197,Arvin,Binnall,abinnall5g@tiny.cc,Male,80.186.6.188
198,Seka,Downham,sdownham5h@ibm.com,Female,106.65.143.130
199,Barn,Rissen,brissen5i@goo.gl,Male,130.132.254.208
200,Judye,Camilletti,jcamilletti5j@networkadvertising.org,Female,234.126.159.249
