id,first_name,last_name,email,gender,ip_address
1,Gifford,Hanbury-Brown,ghanburybrown0@army.mil,Male,150.105.93.61
2,Velma,Ordemann,vordemann1@twitpic.com,Female,169.171.109.61
3,Lorain,Bortoli,lbortoli2@tripod.com,Female,42.58.94.4
4,Hilliary,Mollindinia,hmollindinia3@parallels.com,Female,130.130.113.24
5,Clair,Curle,ccurle4@npr.org,Female,195.180.154.5
6,Mickie,Faunch,mfaunch5@omniture.com,Female,130.202.238.15
7,Oates,Dowgill,odowgill6@meetup.com,Male,61.154.153.253
8,Theressa,Ivanishev,tivanishev7@instagram.com,Female,201.122.170.123
9,Donelle,Walstow,dwalstow8@wikipedia.org,Female,41.54.207.51
10,Rebeka,Naile,rnaile9@prnewswire.com,Female,220.205.28.108
11,Thurstan,Cossum,tcossuma@printfriendly.com,Male,218.228.44.114
12,Janel,Zeplin,jzeplinb@msn.com,Female,200.162.163.98
13,Mord,Ivachyov,mivachyovc@cbslocal.com,Male,218.246.12.78
14,Patty,Howitt,phowittd@intel.com,Female,75.78.120.137
15,Rachelle,Bewly,rbewlye@tiny.cc,Female,40.90.190.65
16,Angus,Gibbieson,agibbiesonf@stumbleupon.com,Male,0.108.61.125
17,Hershel,Hanssmann,hhanssmanng@issuu.com,Male,100.20.64.110
18,Chas,Helmke,chelmkeh@un.org,Male,205.21.162.115
19,Olympia,Pilipyak,opilipyaki@pagesperso-orange.fr,Female,65.213.225.59
20,Wilie,Beaford,wbeafordj@dion.ne.jp,Female,13.48.162.68
21,Ervin,Marriot,emarriotk@theguardian.com,Male,218.81.81.198
22,Bonny,Lowings,blowingsl@phoca.cz,Female,127.149.198.208
23,Dell,Vettore,dvettorem@dyndns.org,Male,249.247.106.47
24,Clotilda,Chrishop,cchrishopn@stumbleupon.com,Female,87.16.41.138
25,Park,Greeves,pgreeveso@delicious.com,Male,114.73.230.246
26,Celinda,Langworthy,clangworthyp@foxnews.com,Female,215.212.245.110
27,Benji,Reding,bredingq@quantcast.com,Male,114.93.123.222
28,Rickey,Rubinchik,rrubinchikr@skyrock.com,Male,248.108.219.122
29,Rick,Bossom,rbossoms@deviantart.com,Male,57.145.4.143
30,Thea,Pollie,tpolliet@time.com,Female,157.39.84.47
31,Clarence,Napolione,cnapolioneu@smugmug.com,Male,84.129.2.121
32,Alina,William,awilliamv@google.es,Female,77.31.212.238
33,May,Churly,mchurlyw@squidoo.com,Female,155.142.191.96
34,Dulci,Stogill,dstogillx@delicious.com,Female,251.122.242.41
35,Gerty,Deverille,gdeverilley@google.com.hk,Female,252.61.59.178
36,Mortimer,Churchin,mchurchinz@barnesandnoble.com,Male,194.152.81.82
37,Erinna,Liepins,eliepins10@pagesperso-orange.fr,Female,1.94.144.52
38,Benedikt,Bowdidge,bbowdidge11@squarespace.com,Male,84.27.253.53
39,Gabie,Sumpner,gsumpner12@canalblog.com,Male,211.29.228.114
40,Ursola,Haldene,uhaldene13@taobao.com,Female,193.214.119.91
41,Alene,Pisculli,apisculli14@ox.ac.uk,Female,35.53.130.160
42,Wang,Castiblanco,wcastiblanco15@i2i.jp,Male,66.205.66.248
43,Lorri,Gobat,lgobat16@hostgator.com,Female,27.68.39.196
44,Jori,Knivett,jknivett17@fda.gov,Female,180.40.209.91
45,Lincoln,McCrie,lmccrie18@fastcompany.com,Male,23.36.61.226
46,Brit,Duxfield,bduxfield19@geocities.jp,Male,182.249.110.39
47,Elle,Ferrandez,eferrandez1a@abc.net.au,Female,215.149.208.93
48,Birch,Cordero,bcordero1b@pbs.org,Male,82.123.245.20
49,Nananne,Jolliffe,njolliffe1c@fc2.com,Female,230.61.30.10
50,Jarvis,Bicker,jbicker1d@netscape.com,Male,120.28.26.173
51,Dion,Bell,dbell1e@cargocollective.com,Male,227.11.170.106
52,Chico,Loveless,cloveless1f@cargocollective.com,Male,195.140.119.179
53,Ara,Plume,aplume1g@earthlink.net,Male,55.185.251.177
54,Nealy,Comizzoli,ncomizzoli1h@nature.com,Male,79.202.108.201
55,Fancie,Sheeres,fsheeres1i@fc2.com,Female,223.151.211.206
56,Manya,Bernath,mbernath1j@shareasale.com,Female,7.101.40.128
57,Broddie,Henzley,bhenzley1k@upenn.edu,Male,12.204.119.128
58,Adiana,Vowells,avowells1l@pbs.org,Female,1.104.117.181
59,Carny,Chettoe,cchettoe1m@google.ca,Male,35.74.225.104
60,Adlai,Conti,aconti1n@imdb.com,Male,41.111.3.84
61,Romeo,Belly,rbelly1o@toplist.cz,Male,122.96.67.198
62,Rozelle,Pettigree,rpettigree1p@prweb.com,Female,234.58.120.104
63,Colas,Czaple,cczaple1q@google.co.uk,Male,111.24.196.164
64,Manolo,Benedek,mbenedek1r@biblegateway.com,Male,79.179.212.6
65,Audre,Atherton,aatherton1s@bing.com,Female,77.118.158.219
66,Cherry,Draye,cdraye1t@fastcompany.com,Female,103.187.84.23
67,Daisi,Compston,dcompston1u@bing.com,Female,37.203.209.97
68,Ernestus,Cabena,ecabena1v@symantec.com,Male,75.190.39.184
69,Twila,Baptie,tbaptie1w@amazon.com,Female,104.26.103.120
70,Sandor,Houldey,shouldey1x@ehow.com,Male,157.129.243.101
71,Tommie,Neeves,tneeves1y@smugmug.com,Female,220.121.120.11
72,Aurel,Pleming,apleming1z@themeforest.net,Female,176.156.248.39
73,Nils,Tume,ntume20@aol.com,Male,14.179.199.122
74,Dal,Chaloner,dchaloner21@blogspot.com,Male,44.124.66.86
75,Hamid,Smaile,hsmaile22@smugmug.com,Male,158.124.84.91
76,Ardenia,Suddards,asuddards23@t.co,Female,187.75.87.124
77,Dew,Bridgnell,dbridgnell24@opera.com,Male,130.232.153.143
78,Reba,Acland,racland25@dion.ne.jp,Female,65.107.127.57
79,Orella,Presidey,opresidey26@macromedia.com,Female,191.30.230.2
80,Titus,Sevier,tsevier27@ca.gov,Male,218.103.66.65
81,Renee,Round,rround28@amazon.de,Female,108.89.187.112
82,Glenda,Stickland,gstickland29@house.gov,Female,198.179.3.239
83,Walther,Wales,wwales2a@google.com,Male,32.135.9.188
84,Zack,Petto,zpetto2b@fotki.com,Male,136.53.140.14
85,Karolina,Boyat,kboyat2c@wikipedia.org,Female,65.79.158.217
86,Vickie,Tabourier,vtabourier2d@bloglines.com,Female,53.57.65.112
87,Inge,Dykas,idykas2e@bandcamp.com,Female,74.70.75.153
88,Deerdre,Barnsdall,dbarnsdall2f@networksolutions.com,Female,136.134.22.110
89,Odell,Thornebarrow,othornebarrow2g@dropbox.com,Male,95.91.36.121
90,Elizabet,Filipputti,efilipputti2h@hatena.ne.jp,Female,212.243.36.252
91,Tammara,Staziker,tstaziker2i@wikimedia.org,Female,227.86.244.242
92,Robena,Galey,rgaley2j@gnu.org,Female,33.250.54.179
93,Lory,Lennon,llennon2k@about.com,Female,123.61.119.169
94,Gae,Nabbs,gnabbs2l@imageshack.us,Female,133.186.65.108
95,Violette,Houltham,vhoultham2m@simplemachines.org,Female,36.6.121.155
96,Brocky,de Marco,bdemarco2n@freewebs.com,Male,20.66.7.33
97,Merwyn,Mendenhall,mmendenhall2o@walmart.com,Male,88.67.196.119
98,Dory,Roberto,droberto2p@auda.org.au,Female,162.47.94.150
99,Philis,Bussens,pbussens2q@amazon.co.uk,Female,51.58.111.117
100,Gaye,Allender,gallender2r@twitpic.com,Female,123.130.207.79
101,Ki,Rake,krake2s@ft.com,Female,44.16.20.203
102,Hobard,Avrashin,havrashin2t@cloudflare.com,Male,126.44.212.248
103,Ninnetta,Le Floch,nlefloch2u@telegraph.co.uk,Female,2.67.174.223
104,Cirilo,Sine,csine2v@sitemeter.com,Male,236.185.97.67
105,Corena,Heindrich,cheindrich2w@oracle.com,Female,211.53.218.154
106,Jeremias,Gilvary,jgilvary2x@sogou.com,Male,85.16.91.147
107,Jesse,Tremoille,jtremoille2y@acquirethisname.com,Female,81.168.151.172
108,Gideon,Sexty,gsexty2z@hostgator.com,Male,237.92.1.188
109,Naomi,Blackstone,nblackstone30@creativecommons.org,Female,67.118.217.132
110,Donella,Deeming,ddeeming31@hubpages.com,Female,201.122.100.224
111,Nicki,Hedon,nhedon32@nhs.uk,Female,69.51.23.167
112,Gregor,Corlett,gcorlett33@joomla.org,Male,179.179.163.95
113,Winn,Rothchild,wrothchild34@biblegateway.com,Male,139.57.81.255
114,Linell,Shwenn,lshwenn35@nasa.gov,Female,62.237.158.117
115,Cyrille,Gagie,cgagie36@mozilla.org,Male,96.187.127.90
116,Marcus,Gazzard,mgazzard37@auda.org.au,Male,7.245.158.123
117,Regen,Dy,rdy38@state.gov,Male,140.89.30.219
118,Walker,Rogerot,wrogerot39@npr.org,Male,184.93.201.47
119,Jimmy,Simcoe,jsimcoe3a@ow.ly,Male,208.78.233.90
120,Debera,Daviddi,ddaviddi3b@npr.org,Female,249.59.222.4
121,Pamelina,Lebreton,plebreton3c@flickr.com,Female,26.119.208.31
122,Gussy,Corbridge,gcorbridge3d@upenn.edu,Female,213.166.241.135
123,Claudio,Fendlen,cfendlen3e@sourceforge.net,Male,79.60.81.112
124,Terry,Licas,tlicas3f@guardian.co.uk,Female,113.147.21.221
125,Trina,St. Queintain,tstqueintain3g@disqus.com,Female,221.134.96.244
126,Avictor,Elegood,aelegood3h@oakley.com,Male,36.76.12.111
127,Vick,Trollope,vtrollope3i@de.vu,Male,181.18.219.227
128,Quinn,Novotni,qnovotni3j@toplist.cz,Female,108.63.0.210
129,Coreen,Burgisi,cburgisi3k@barnesandnoble.com,Female,23.41.67.46
130,Yoshiko,Witton,ywitton3l@imdb.com,Female,129.227.160.45
131,Hubey,Jaimez,hjaimez3m@opensource.org,Male,231.250.150.56
132,Letta,Scamwell,lscamwell3n@stumbleupon.com,Female,25.44.140.4
133,Gaspard,Lambillion,glambillion3o@bloomberg.com,Male,192.47.109.125
134,Tripp,Coper,tcoper3p@taobao.com,Male,127.114.199.200
135,Maisie,Fante,mfante3q@gmpg.org,Female,90.187.96.126
136,Falkner,Hallsworth,fhallsworth3r@epa.gov,Male,67.131.212.223
137,Ines,Ondra,iondra3s@bigcartel.com,Female,37.149.189.103
138,Essa,Bread,ebread3t@digg.com,Female,52.38.207.41
139,Caryn,Edwins,cedwins3u@youku.com,Female,215.141.76.12
140,Stormie,Royson,sroyson3v@google.pl,Female,243.198.175.9
141,Davin,Dubery,ddubery3w@amazon.com,Male,133.11.102.55
142,Northrop,Jarnell,njarnell3x@altervista.org,Male,168.120.88.126
143,Boris,MacIlriach,bmacilriach3y@comsenz.com,Male,168.107.55.25
144,Keen,Fitkin,kfitkin3z@yolasite.com,Male,233.122.158.242
145,Harriette,Buret,hburet40@businessweek.com,Female,252.106.159.44
146,Cirilo,Beal,cbeal41@samsung.com,Male,80.208.215.68
147,Noby,Mallion,nmallion42@netscape.com,Male,44.56.71.220
148,Chryste,Fewkes,cfewkes43@myspace.com,Female,116.242.219.118
149,Kimbra,Sare,ksare44@elegantthemes.com,Female,19.141.63.42
150,Sawyer,Brayshaw,sbrayshaw45@desdev.cn,Male,45.144.254.88
151,Mathilde,Ellerbeck,mellerbeck46@angelfire.com,Female,23.81.140.91
152,Harwilll,Ockland,hockland47@themeforest.net,Male,0.118.213.250
153,Jinny,Ashford,jashford48@csmonitor.com,Female,76.175.71.50
154,Kassia,Borgesio,kborgesio49@theglobeandmail.com,Female,9.119.168.139
155,Sven,Tulk,stulk4a@skype.com,Male,222.109.5.132
156,Kirsti,Capey,kcapey4b@sakura.ne.jp,Female,234.156.232.218
157,Brock,Ronan,bronan4c@hibu.com,Male,234.92.185.32
158,Bronson,Goundrill,bgoundrill4d@weather.com,Male,133.12.23.118
159,Katina,Ghelardoni,kghelardoni4e@de.vu,Female,158.66.82.100
160,Moshe,Semens,msemens4f@chron.com,Male,70.217.121.123
161,Drugi,Brosini,dbrosini4g@angelfire.com,Male,130.223.137.99
162,Lenka,Althorp,lalthorp4h@comsenz.com,Female,38.127.17.17
163,Callie,Learmonth,clearmonth4i@edublogs.org,Female,149.181.32.99
164,Tobe,MacIan,tmacian4j@netvibes.com,Male,163.201.217.200
165,Merralee,Ygoe,mygoe4k@walmart.com,Female,193.244.235.188
166,Maria,Falk,mfalk4l@istockphoto.com,Female,19.144.169.230
167,Sabina,Rooze,srooze4m@statcounter.com,Female,223.61.74.77
168,Wynn,Fourman,wfourman4n@apache.org,Male,104.33.254.1
169,Denyse,Huitson,dhuitson4o@examiner.com,Female,10.116.76.57
170,Briny,Golagley,bgolagley4p@sitemeter.com,Female,47.44.26.189
171,Pascale,Shillitoe,pshillitoe4q@tripod.com,Male,67.244.226.170
172,Paulette,Lewis,plewis4r@marriott.com,Female,51.219.45.122
173,Albie,Wrankmore,awrankmore4s@forbes.com,Male,32.247.63.119
174,Pen,Elijah,pelijah4t@microsoft.com,Female,4.154.14.130
175,Fannie,Blessed,fblessed4u@rediff.com,Female,53.238.8.194
176,Dell,Carwithim,dcarwithim4v@disqus.com,Female,166.138.157.126
177,Gayleen,Kennefick,gkennefick4w@storify.com,Female,89.84.239.254
178,Cordey,Spratley,cspratley4x@uiuc.edu,Female,11.74.185.81
179,Laryssa,Ackerley,lackerley4y@aboutads.info,Female,167.75.26.141
180,Allsun,Backshill,abackshill4z@livejournal.com,Female,96.168.43.70
181,Dolorita,McEvilly,dmcevilly50@squidoo.com,Female,174.202.84.200
182,Kip,Bearcock,kbearcock51@paypal.com,Male,0.6.96.83
183,Anette,Wearden,awearden52@thetimes.co.uk,Female,240.254.135.15
184,Augusto,Flisher,aflisher53@example.com,Male,209.96.176.192
185,Anastasia,Lipman,alipman54@w3.org,Female,63.107.222.248
186,Godfree,Houltham,ghoultham55@hibu.com,Male,150.249.31.245
187,Jed,Boteman,jboteman56@so-net.ne.jp,Male,24.187.179.182
188,Gay,Valentinetti,gvalentinetti57@jimdo.com,Male,85.198.110.201
189,Imelda,Geggus,igeggus58@alexa.com,Female,119.108.107.38
190,Lloyd,Harvison,lharvison59@163.com,Male,122.244.34.102
191,Justine,Bielby,jbielby5a@angelfire.com,Female,213.5.135.126
192,Herrick,Hinze,hhinze5b@buzzfeed.com,Male,210.105.226.228
193,Cordelia,Dowgill,cdowgill5c@accuweather.com,Female,126.109.158.97
194,Barton,Pigott,bpigott5d@yellowbook.com,Male,212.144.123.54
195,Chevy,Rishman,crishman5e@hatena.ne.jp,Male,238.100.200.165
196,Pyotr,Newbery,pnewbery5f@utexas.edu,Male,104.248.201.96
197,Gracia,Chinge de Hals,gchingedehals5g@weebly.com,Female,213.61.142.158
198,Darb,Clarae,dclarae5h@newyorker.com,Male,208.14.228.134
199,Hiram,Staterfield,hstaterfield5i@ask.com,Male,157.231.83.192
200,Corby,Frake,cfrake5j@biblegateway.com,Male,235.215.61.103
