id,first_name,last_name,email,gender,ip_address
1,Waylon,Sager,wsager0@blog.com,Male,111.121.232.99
2,Anne,Hebborn,ahebborn1@xrea.com,Female,201.203.144.222
3,Bamby,Mewis,bmewis2@blogger.com,Female,100.137.114.167
4,Eward,Mullally,emullally3@businessinsider.com,Male,237.12.109.198
5,Sharyl,Scorton,sscorton4@mozilla.com,Female,197.208.20.126
6,Grant,Haydn,ghaydn5@google.com.hk,Male,103.185.132.60
7,Conn,Baildon,cbaildon6@youku.com,Male,55.171.241.162
8,Leisha,Jillions,ljillions7@washington.edu,Female,87.99.234.5
9,Carry,Timberlake,ctimberlake8@4shared.com,Female,196.138.180.213
10,Alyce,Oneal,aoneal9@apple.com,Female,97.76.62.251
11,Austina,McMyler,amcmylera@webmd.com,Female,162.94.85.2
12,Murdoch,Heenan,mheenanb@facebook.com,Male,6.147.86.50
13,Frans,Lassey,flasseyc@buzzfeed.com,Male,241.25.63.34
14,Waldemar,Stanhope,wstanhoped@google.co.uk,Male,59.83.195.15
15,Livvy,Daintry,ldaintrye@loc.gov,Female,198.49.62.251
16,Sebastien,Bromet,sbrometf@ow.ly,Male,74.112.26.167
17,Emogene,Challes,echallesg@xrea.com,Female,32.76.233.227
18,Gayler,Penhall,gpenhallh@nationalgeographic.com,Male,100.103.206.115
19,Seka,MacKall,smackalli@rediff.com,Female,181.25.49.122
20,Robbin,Cloutt,rclouttj@people.com.cn,Female,227.10.69.80
21,Deva,Hepher,dhepherk@wix.com,Female,4.93.183.145
22,Fabian,Pidgley,fpidgleyl@github.io,Male,165.176.25.198
23,Merrick,Brando,mbrandom@rakuten.co.jp,Male,152.68.96.242
24,Herve,Peirson,hpeirsonn@shop-pro.jp,Male,152.44.146.172
25,Dedie,Tebbe,dtebbeo@multiply.com,Female,182.112.86.200
26,Danell,Campany,dcampanyp@1688.com,Female,217.240.137.3
27,Tanner,Spacy,tspacyq@biblegateway.com,Male,226.237.190.225
28,Claudie,Spinley,cspinleyr@cmu.edu,Female,230.131.130.137
29,Dorice,MacMeekan,dmacmeekans@businessweek.com,Female,154.161.225.31
30,Glynis,Comi,gcomit@tuttocitta.it,Female,136.232.32.232
31,Teddy,Thornborrow,tthornborrowu@cyberchimps.com,Male,156.92.109.56
32,Hurley,Bryers,hbryersv@auda.org.au,Male,28.244.22.43
33,Peadar,Horsell,phorsellw@zimbio.com,Male,130.228.245.126
34,Constantino,Bew,cbewx@tamu.edu,Male,219.135.199.31
35,Osborn,Pau,opauy@sourceforge.net,Male,64.243.212.237
36,Demetra,Fronks,dfronksz@com.com,Female,46.57.172.174
37,Bianka,Newbigging,bnewbigging10@myspace.com,Female,152.65.221.177
38,Abey,MacCafferty,amaccafferty11@etsy.com,Male,11.67.182.175
39,Frannie,Casino,fcasino12@google.com.au,Female,80.235.205.5
40,Norbert,Austick,naustick13@domainmarket.com,Male,83.176.240.159
41,Debbi,Tongue,dtongue14@go.com,Female,69.77.98.226
42,Balduin,Esposita,besposita15@angelfire.com,Male,106.111.59.194
43,Nicole,Showt,nshowt16@sourceforge.net,Female,196.45.17.138
44,Genia,Studders,gstudders17@amazonaws.com,Female,208.113.45.58
45,Hannie,Monget,hmonget18@mail.ru,Female,142.128.187.255
46,Tadeas,Boome,tboome19@illinois.edu,Male,54.208.189.178
47,Parry,Denkin,pdenkin1a@example.com,Male,29.230.200.14
48,Zerk,Cardno,zcardno1b@epa.gov,Male,49.68.86.197
49,Sylvester,Gyer,sgyer1c@pagesperso-orange.fr,Male,130.22.141.132
50,Christy,Valek,cvalek1d@yelp.com,Female,231.45.4.142
51,Godwin,Somerset,gsomerset1e@sphinn.com,Male,2.207.18.98
52,Janeen,Ruggier,jruggier1f@t-online.de,Female,5.188.246.18
53,Fania,Spurret,fspurret1g@narod.ru,Female,186.33.18.171
54,Binny,Antuoni,bantuoni1h@wired.com,Female,36.219.188.62
55,Dom,Cawcutt,dcawcutt1i@hexun.com,Male,21.245.5.246
56,Ruthann,Figliovanni,rfigliovanni1j@cloudflare.com,Female,16.0.204.194
57,Ramsay,Welberry,rwelberry1k@ehow.com,Male,170.105.138.125
58,Nikki,Lowth,nlowth1l@go.com,Female,92.26.7.156
59,Maxy,Gauvin,mgauvin1m@nps.gov,Female,121.149.149.214
60,Garrik,Soldan,gsoldan1n@flickr.com,Male,201.133.40.67
61,Talbot,Olner,tolner1o@hc360.com,Male,215.161.187.71
62,Fayth,Malcher,fmalcher1p@ed.gov,Female,132.184.56.125
63,Dolorita,Gemson,dgemson1q@biglobe.ne.jp,Female,67.210.133.26
64,Verine,Chapell,vchapell1r@paginegialle.it,Female,202.5.210.22
65,Toma,Finlason,tfinlason1s@imgur.com,Female,99.224.30.237
66,Pepita,Gatrell,pgatrell1t@webmd.com,Female,157.228.124.153
67,Fin,Leicester,fleicester1u@dion.ne.jp,Male,91.133.229.219
68,Jesse,Kevlin,jkevlin1v@cbc.ca,Male,238.57.30.71
69,Gage,Mair,gmair1w@devhub.com,Male,207.226.209.133
70,Hiram,Bidgod,hbidgod1x@mail.ru,Male,95.73.223.16
71,Christophe,Persian,cpersian1y@plala.or.jp,Male,83.163.121.226
72,Bartholemy,Boobyer,bboobyer1z@example.com,Male,164.58.52.46
73,Tab,Wale,twale20@freewebs.com,Male,71.114.108.119
74,Abbey,Setterfield,asetterfield21@ameblo.jp,Female,44.85.133.118
75,Rodney,Huntriss,rhuntriss22@wired.com,Male,179.109.191.93
76,Emelda,Quinell,equinell23@bandcamp.com,Female,220.99.142.203
77,Carrie,Licciardi,clicciardi24@rediff.com,Female,48.167.112.188
78,Francoise,Fant,ffant25@disqus.com,Female,93.115.137.143
79,Levy,Hagergham,lhagergham26@tmall.com,Male,74.162.251.234
80,Lennie,Geindre,lgeindre27@dropbox.com,Male,204.51.165.236
81,Paige,Dougherty,pdougherty28@yandex.ru,Male,190.186.7.3
82,Nicole,Cornner,ncornner29@disqus.com,Female,161.33.149.19
83,Perry,MacNeill,pmacneill2a@example.com,Male,109.243.24.46
84,Janine,Azam,jazam2b@bing.com,Female,80.96.163.92
85,Shalne,Matousek,smatousek2c@google.de,Female,191.198.181.130
86,Lurlene,Bowry,lbowry2d@nps.gov,Female,62.203.221.72
87,Kasper,Sidebotham,ksidebotham2e@springer.com,Male,9.162.80.242
88,Eustace,Bradshaw,ebradshaw2f@jugem.jp,Male,216.151.136.96
89,Sibley,Chinge de Hals,schingedehals2g@msu.edu,Female,202.157.154.69
90,Lorant,Asipenko,lasipenko2h@amazon.de,Male,52.101.138.130
91,Alwin,Szapiro,aszapiro2i@si.edu,Male,31.105.5.10
92,Erl,Trott,etrott2j@patch.com,Male,92.106.4.103
93,Tait,Mowday,tmowday2k@si.edu,Male,204.152.72.212
94,Ollie,Giamelli,ogiamelli2l@sphinn.com,Male,132.143.94.23
95,Elsie,Mickelwright,emickelwright2m@eepurl.com,Female,233.159.132.58
96,Frederik,Fante,ffante2n@nyu.edu,Male,109.72.70.244
97,Leigha,Hinsch,lhinsch2o@paginegialle.it,Female,50.135.240.192
98,Debra,Camies,dcamies2p@wp.com,Female,118.10.78.4
99,Kore,Kyneton,kkyneton2q@fema.gov,Female,184.237.245.177
100,Modestine,Goodspeed,mgoodspeed2r@cam.ac.uk,Female,69.228.54.206
101,Sholom,Blakeway,sblakeway2s@cdc.gov,Male,12.69.67.216
102,Walton,Barthot,wbarthot2t@ted.com,Male,76.112.31.249
103,Ilyse,Haryngton,iharyngton2u@bloglovin.com,Female,202.148.227.67
104,Cathyleen,Knevett,cknevett2v@salon.com,Female,103.202.88.225
105,Amii,Mitchard,amitchard2w@phoca.cz,Female,198.92.244.179
106,Elsey,Lightbourne,elightbourne2x@bizjournals.com,Female,57.246.210.177
107,Gladi,Duckerin,gduckerin2y@purevolume.com,Female,157.240.90.108
108,Kermy,Bauldry,kbauldry2z@vkontakte.ru,Male,20.118.106.155
109,Dougy,Alfonzo,dalfonzo30@geocities.jp,Male,250.250.2.168
110,Joelie,Cisson,jcisson31@ed.gov,Female,122.102.221.162
111,Kerwinn,Brunger,kbrunger32@google.de,Male,32.22.60.5
112,Katha,Lamberton,klamberton33@parallels.com,Female,74.111.72.36
113,Glyn,McCraw,gmccraw34@dyndns.org,Female,139.210.185.4
114,Heinrik,Pook,hpook35@weebly.com,Male,102.5.179.104
115,Cassie,Shutle,cshutle36@cyberchimps.com,Male,85.144.238.189
116,Reinold,O'Doireidh,rodoireidh37@virginia.edu,Male,55.125.125.110
117,Nonnah,Pittson,npittson38@theguardian.com,Female,244.145.176.152
118,Heloise,MacNeil,hmacneil39@usda.gov,Female,30.205.139.108
119,Raimund,Cavee,rcavee3a@moonfruit.com,Male,59.209.221.207
120,Haleigh,Saterweyte,hsaterweyte3b@amazon.co.uk,Female,15.251.134.29
121,Adriaens,Madeley,amadeley3c@merriam-webster.com,Female,50.105.211.152
122,Levi,Vassie,lvassie3d@umn.edu,Male,204.49.31.60
123,Steve,Leete,sleete3e@addthis.com,Male,49.218.133.83
124,Birch,Leedes,bleedes3f@privacy.gov.au,Male,95.225.151.63
125,Gerrie,Knowlys,gknowlys3g@webeden.co.uk,Male,12.150.70.98
126,Evita,Kanwell,ekanwell3h@mysql.com,Female,9.52.178.241
127,Thurstan,Boatman,tboatman3i@free.fr,Male,82.60.130.1
128,Pennie,Luno,pluno3j@aol.com,Female,205.213.158.255
129,Hatty,Myles,hmyles3k@statcounter.com,Female,92.15.136.60
130,Nani,McLaughlan,nmclaughlan3l@histats.com,Female,205.136.99.129
131,Herb,Ciccarello,hciccarello3m@people.com.cn,Male,151.245.225.212
132,Caril,Letrange,cletrange3n@hud.gov,Female,230.57.153.239
133,Pamella,Blackadder,pblackadder3o@thetimes.co.uk,Female,5.150.201.50
134,Gayelord,Crockford,gcrockford3p@yellowbook.com,Male,187.129.12.170
135,Basilio,Swett,bswett3q@springer.com,Male,113.26.161.8
136,Wandie,Gavrielly,wgavrielly3r@mysql.com,Female,214.126.15.220
137,Elysia,Kollaschek,ekollaschek3s@google.co.jp,Female,70.10.65.228
138,Juditha,McDonough,jmcdonough3t@vimeo.com,Female,241.33.174.84
139,Maddie,Taborre,mtaborre3u@gravatar.com,Female,157.201.187.205
140,Birdie,Caldroni,bcaldroni3v@shareasale.com,Female,189.213.66.119
141,Brody,Ebbens,bebbens3w@google.pl,Male,125.180.149.236
142,Garner,Di Biagi,gdibiagi3x@issuu.com,Male,209.69.65.121
143,Merry,O'Towey,motowey3y@wufoo.com,Male,15.14.107.73
144,Wash,Elliston,welliston3z@w3.org,Male,33.147.20.217
145,Joella,Blackaller,jblackaller40@g.co,Female,249.128.225.161
146,Natalee,Ivshin,nivshin41@hao123.com,Female,186.62.13.10
147,Orelie,Haysham,ohaysham42@liveinternet.ru,Female,111.255.84.64
148,Corliss,Salaman,csalaman43@globo.com,Female,201.84.72.251
149,Hyacintha,Ricca,hricca44@freewebs.com,Female,228.212.160.38
150,Bil,Tyers,btyers45@ft.com,Male,145.211.174.235
151,Brennen,Lorait,blorait46@e-recht24.de,Male,100.248.25.17
152,Rosene,Sickamore,rsickamore47@google.co.jp,Female,168.103.120.194
153,Elie,Puncher,epuncher48@so-net.ne.jp,Female,95.144.125.70
154,Chelsy,Pietri,cpietri49@youtu.be,Female,197.80.218.238
155,Harwell,McGrowther,hmcgrowther4a@cdbaby.com,Male,121.233.88.227
156,Aili,L'Archer,alarcher4b@cnbc.com,Female,87.32.137.166
157,Porty,Daymond,pdaymond4c@skyrock.com,Male,118.171.179.187
158,Gunter,Worboy,gworboy4d@usda.gov,Male,29.151.210.65
159,Alexandra,Higginbottam,ahigginbottam4e@engadget.com,Female,23.227.152.24
160,Alysia,Willment,awillment4f@photobucket.com,Female,230.189.100.251
161,Yolane,Haney`,yhaney4g@so-net.ne.jp,Female,195.126.129.102
162,Sam,Sawday,ssawday4h@sphinn.com,Male,210.224.105.236
163,Melanie,Salzberg,msalzberg4i@abc.net.au,Female,187.20.95.231
164,Kellen,Waldram,kwaldram4j@hc360.com,Male,206.224.236.122
165,Augustine,Rolston,arolston4k@t-online.de,Male,41.55.139.204
166,Sawyer,Faircley,sfaircley4l@seesaa.net,Male,167.227.189.38
167,Abigail,Carle,acarle4m@ed.gov,Female,137.37.110.176
168,Filberte,Champniss,fchampniss4n@state.gov,Male,196.93.176.225
169,Jane,Burghill,jburghill4o@nba.com,Female,205.175.46.170
170,Lynnelle,Martello,lmartello4p@state.gov,Female,214.246.175.120
171,Lucais,Custed,lcusted4q@discovery.com,Male,26.198.50.122
172,Ced,Maddern,cmaddern4r@livejournal.com,Male,114.156.49.27
173,Merla,Giovanni,mgiovanni4s@com.com,Female,99.233.251.115
174,Brannon,Archanbault,barchanbault4t@alexa.com,Male,236.146.105.242
175,Zolly,Leynton,zleynton4u@reddit.com,Male,23.36.157.46
176,Philippe,Crottagh,pcrottagh4v@icio.us,Female,70.223.85.84
177,Sinclair,Ivanchov,sivanchov4w@yelp.com,Male,237.213.98.85
178,Mareah,Loch,mloch4x@amazon.co.uk,Female,147.168.220.220
179,Harris,Blaine,hblaine4y@soundcloud.com,Male,121.188.125.207
180,Hamil,Babidge,hbabidge4z@youku.com,Male,2.25.203.49
181,Jerald,Escalero,jescalero50@jigsy.com,Male,29.223.253.155
182,Thea,Dugall,tdugall51@altervista.org,Female,62.114.103.129
183,Elnore,Deighan,edeighan52@jimdo.com,Female,99.11.177.178
184,Skippie,Maudling,smaudling53@msu.edu,Male,242.134.120.169
185,Gardie,Baldi,gbaldi54@umn.edu,Male,211.243.133.126
186,Laurence,Perrigo,lperrigo55@bbb.org,Male,27.206.205.218
187,Uriah,Whitfield,uwhitfield56@jiathis.com,Male,20.52.120.33
188,Otes,Mc Giffin,omcgiffin57@addtoany.com,Male,140.77.9.189
189,Stanly,Schwerin,sschwerin58@accuweather.com,Male,32.86.251.177
190,Rafferty,Drewery,rdrewery59@upenn.edu,Male,250.152.134.147
191,Dion,Edginton,dedginton5a@fc2.com,Female,67.252.231.17
192,Julio,Eyckelberg,jeyckelberg5b@a8.net,Male,23.206.128.170
193,Stevena,McWhin,smcwhin5c@usatoday.com,Female,28.189.74.124
194,Sid,McKeran,smckeran5d@wunderground.com,Male,241.238.4.23
195,Kellby,Snoxill,ksnoxill5e@admin.ch,Male,201.155.122.187
196,Dorian,Leverich,dleverich5f@photobucket.com,Male,159.209.222.93
197,Ophelia,Hotton,ohotton5g@craigslist.org,Female,124.197.238.30
198,Marthena,Lody,mlody5h@google.co.uk,Female,9.167.95.13
199,Dag,Risebrow,drisebrow5i@weibo.com,Male,184.160.76.206
200,Haley,Loughnan,hloughnan5j@soup.io,Female,54.32.123.3
